,sym_1,sym_2,p_value,t_value,c_value,hedge_ratio,zero_crossings
173,BNBUSDT,CREAMUSDT,0.0,-5.76,-3.37,25.42,51
16,1000BTTUSDT,ETHUSDT,0.0,-4.58,-3.37,0.0,47
96,AKROUSDT,SUNUSDT,0.0,-5.68,-3.37,0.6,46
76,AKROUSDT,BSWUSDT,0.0,-4.99,-3.37,0.02,45
14,1000BTTUSDT,CREAMUSDT,0.01,-3.77,-3.37,0.0,43
684,XTZUSDT,BOBAUSDT,0.0,-4.24,-3.37,4.47,42
695,ZRXUSDT,1000XECUSDT,0.01,-3.89,-3.37,6.75,41
25,1000BTTUSDT,XNOUSDT,0.05,-3.37,-3.37,0.0,41
714,ZRXUSDT,FITFIUSDT,0.02,-3.63,-3.37,8.97,41
17,1000BTTUSDT,FITFIUSDT,0.0,-5.15,-3.37,0.03,40
8,1000BTTUSDT,1000XECUSDT,0.0,-4.17,-3.37,0.02,39
22,1000BTTUSDT,KLAYUSDT,0.01,-3.79,-3.37,0.0,39
95,AKROUSDT,STXUSDT,0.02,-3.6,-3.37,0.01,38
83,AKROUSDT,DENTUSDT,0.0,-4.13,-3.37,3.75,38
214,EGLDUSDT,1000BTTUSDT,0.03,-3.55,-3.37,61343.22,38
446,MINAUSDT,CEEKUSDT,0.03,-3.57,-3.37,6.45,36
710,ZRXUSDT,EGLDUSDT,0.04,-3.42,-3.37,0.01,36
455,MINAUSDT,CTCUSDT,0.01,-4.08,-3.37,1.3,36
49,1000LUNCUSDT,ILVUSDT,0.03,-3.53,-3.37,0.0,36
6,1000BONKUSDT,LOOKSUSDT,0.01,-4.09,-3.37,0.0,35
57,1000LUNCUSDT,SUSHIUSDT,0.0,-5.88,-3.37,0.13,35
161,ATOMUSDT,ALPHAUSDT,0.03,-3.56,-3.37,109.41,35
186,CELOUSDT,KNCUSDT,0.01,-4.06,-3.37,0.9,35
656,REQUSDT,BOBAUSDT,0.0,-4.19,-3.37,0.43,34
151,ARUSDT,KAVAUSDT,0.05,-3.37,-3.37,11.87,34
664,SCRTUSDT,GLMRUSDT,0.03,-3.57,-3.37,1.67,34
89,AKROUSDT,JSTUSDT,0.03,-3.55,-3.37,0.13,34
97,AKROUSDT,THETAUSDT,0.0,-4.87,-3.37,0.0,34
100,AKROUSDT,VETUSDT,0.02,-3.59,-3.37,0.15,34
2,10000NFTUSDT,IOTAUSDT,0.01,-3.89,-3.37,0.02,34
223,EOSUSDT,ADAUSDT,0.03,-3.51,-3.37,2.77,33
704,ZRXUSDT,CEEKUSDT,0.04,-3.4,-3.37,1.96,33
209,CROUSDT,1000BTTUSDT,0.02,-3.76,-3.37,109.54,33
183,CELOUSDT,BOBAUSDT,0.01,-3.78,-3.37,3.03,33
117,ALPHAUSDT,CRVUSDT,0.0,-4.33,-3.37,0.12,33
254,EOSUSDT,CREAMUSDT,0.02,-3.67,-3.37,0.08,33
102,AKROUSDT,XNOUSDT,0.04,-3.46,-3.37,0.0,33
148,ARUSDT,GALUSDT,0.02,-3.72,-3.37,4.92,32
450,MINAUSDT,CKBUSDT,0.01,-3.84,-3.37,218.63,32
268,EOSUSDT,EGLDUSDT,0.0,-4.86,-3.37,0.02,32
174,BNBUSDT,FITFIUSDT,0.0,-4.55,-3.37,11700.13,32
164,BATUSDT,BOBAUSDT,0.0,-4.18,-3.37,1.09,32
721,ZRXUSDT,KLAYUSDT,0.0,-4.21,-3.37,1.2,32
121,ALPHAUSDT,EGLDUSDT,0.03,-3.52,-3.37,0.0,31
641,QTUMUSDT,RVNUSDT,0.04,-3.45,-3.37,92.73,31
465,MINAUSDT,DYDXUSDT,0.03,-3.48,-3.37,0.27,31
657,REQUSDT,ENJUSDT,0.02,-3.62,-3.37,0.23,31
154,ARUSDT,UNFIUSDT,0.0,-5.41,-3.37,2.01,31
147,ARUSDT,FLOWUSDT,0.0,-4.23,-3.37,10.46,31
23,1000BTTUSDT,TLMUSDT,0.03,-3.56,-3.37,0.03,31
206,CKBUSDT,LTCUSDT,0.01,-3.91,-3.37,0.0,30
75,AKROUSDT,BOBAUSDT,0.0,-4.24,-3.37,0.01,30
123,ALPHAUSDT,HNTUSDT,0.0,-4.43,-3.37,0.05,30
459,MINAUSDT,CVXUSDT,0.01,-3.78,-3.37,0.13,30
72,AKROUSDT,BELUSDT,0.0,-4.59,-3.37,0.01,30
274,EOSUSDT,FITFIUSDT,0.01,-4.06,-3.37,39.04,30
468,MINAUSDT,ENSUSDT,0.02,-3.61,-3.37,0.05,30
172,BNBUSDT,CELUSDT,0.0,-4.21,-3.37,540.75,30
332,FLMUSDT,REEFUSDT,0.03,-3.48,-3.37,30.61,30
203,CKBUSDT,EGLDUSDT,0.04,-3.45,-3.37,0.0,30
718,ZRXUSDT,HOTUSDT,0.03,-3.49,-3.37,114.75,30
195,CKBUSDT,BELUSDT,0.04,-3.46,-3.37,0.01,30
192,CKBUSDT,ALPHAUSDT,0.04,-3.39,-3.37,0.03,30
166,BATUSDT,IOSTUSDT,0.01,-3.79,-3.37,26.23,29
638,QTUMUSDT,REQUSDT,0.0,-4.13,-3.37,25.64,29
335,FLMUSDT,TLMUSDT,0.03,-3.52,-3.37,4.61,29
197,CKBUSDT,COMPUSDT,0.02,-3.74,-3.37,0.0,29
686,YFIUSDT,1000BTTUSDT,0.03,-3.53,-3.37,10341952.75,29
709,ZRXUSDT,DOTUSDT,0.02,-3.68,-3.37,0.04,29
330,FLMUSDT,ICXUSDT,0.01,-4.07,-3.37,0.47,29
145,ARUSDT,DGBUSDT,0.0,-5.59,-3.37,1086.29,29
730,ZRXUSDT,YFIUSDT,0.01,-3.83,-3.37,0.0,29
187,CELOUSDT,REEFUSDT,0.0,-4.25,-3.37,227.74,29
251,EOSUSDT,CELUSDT,0.04,-3.38,-3.37,1.8,29
271,EOSUSDT,ETHUSDT,0.01,-3.81,-3.37,0.0,29
702,ZRXUSDT,BICOUSDT,0.04,-3.46,-3.37,0.63,29
667,SNXUSDT,TOMOUSDT,0.03,-3.53,-3.37,6.32,28
563,QNTUSDT,ETHUSDT,0.0,-4.8,-3.37,0.08,28
624,QTUMUSDT,BOBAUSDT,0.01,-3.92,-3.37,10.95,28
190,CELOUSDT,XNOUSDT,0.04,-3.46,-3.37,0.91,28
418,MINAUSDT,1INCHUSDT,0.04,-3.46,-3.37,1.46,28
421,MINAUSDT,ALGOUSDT,0.03,-3.51,-3.37,3.08,28
453,MINAUSDT,CREAMUSDT,0.03,-3.55,-3.37,0.06,28
430,MINAUSDT,ATOMUSDT,0.04,-3.38,-3.37,0.06,28
462,MINAUSDT,DGBUSDT,0.02,-3.63,-3.37,75.87,28
141,ARUSDT,BICOUSDT,0.04,-3.4,-3.37,29.89,28
255,EOSUSDT,CROUSDT,0.0,-4.18,-3.37,13.41,27
701,ZRXUSDT,BANDUSDT,0.02,-3.59,-3.37,0.12,27
669,STORJUSDT,BOBAUSDT,0.0,-4.59,-3.37,1.62,27
165,BATUSDT,CVCUSDT,0.01,-3.86,-3.37,2.4,27
10,1000BTTUSDT,BALUSDT,0.0,-4.56,-3.37,0.0,27
663,SCRTUSDT,CVCUSDT,0.02,-3.6,-3.37,6.79,27
116,ALPHAUSDT,BELUSDT,0.01,-4.04,-3.37,0.22,27
196,CKBUSDT,BICOUSDT,0.03,-3.49,-3.37,0.01,27
73,AKROUSDT,BITUSDT,0.02,-3.73,-3.37,0.01,27
590,QNTUSDT,JSTUSDT,0.0,-4.59,-3.37,4891.32,27
122,ALPHAUSDT,FITFIUSDT,0.0,-4.18,-3.37,4.79,26
178,BOBAUSDT,10000NFTUSDT,0.0,-4.27,-3.37,52.72,26
649,QTUMUSDT,USDCUSDT,0.01,-4.04,-3.37,2.84,26
579,QNTUSDT,HNTUSDT,0.0,-4.64,-3.37,48.28,26
194,CKBUSDT,AUDIOUSDT,0.04,-3.39,-3.37,0.01,26
188,CELOUSDT,STXUSDT,0.04,-3.42,-3.37,2.62,26
207,CKBUSDT,RUNEUSDT,0.01,-3.98,-3.37,0.0,26
85,AKROUSDT,FITFIUSDT,0.03,-3.54,-3.37,0.13,26
323,EOSUSDT,STXUSDT,0.04,-3.45,-3.37,3.63,26
492,QNTUSDT,1000BTTUSDT,0.0,-4.83,-3.37,187915.78,26
452,MINAUSDT,COTIUSDT,0.04,-3.41,-3.37,8.27,26
692,ZECUSDT,PEOPLEUSDT,0.03,-3.58,-3.37,1515.44,26
682,XEMUSDT,10000NFTUSDT,0.03,-3.49,-3.37,8.25,26
358,LPTUSDT,WOOUSDT,0.01,-3.96,-3.37,40.55,26
437,MINAUSDT,BCHUSDT,0.03,-3.52,-3.37,0.01,26
729,ZRXUSDT,XNOUSDT,0.0,-4.14,-3.37,0.29,26
661,SCRTUSDT,ALGOUSDT,0.02,-3.76,-3.37,2.99,25
126,ALPHAUSDT,LTCUSDT,0.02,-3.69,-3.37,0.0,25
705,ZRXUSDT,CREAMUSDT,0.01,-3.86,-3.37,0.02,25
54,1000LUNCUSDT,OPUSDT,0.0,-4.17,-3.37,0.06,25
424,MINAUSDT,ANTUSDT,0.0,-4.11,-3.37,0.28,25
55,1000LUNCUSDT,SFPUSDT,0.0,-4.5,-3.37,0.33,25
34,1000LUNCUSDT,CEEKUSDT,0.0,-4.19,-3.37,1.43,25
406,MANAUSDT,ENSUSDT,0.03,-3.52,-3.37,0.05,25
249,EOSUSDT,CEEKUSDT,0.0,-4.59,-3.37,8.53,25
1,10000NFTUSDT,ICXUSDT,0.03,-3.56,-3.37,0.02,25
685,XTZUSDT,KNCUSDT,0.03,-3.52,-3.37,1.34,25
659,SANDUSDT,ALICEUSDT,0.02,-3.64,-3.37,0.41,25
678,UNFIUSDT,APEUSDT,0.05,-3.37,-3.37,1.02,25
108,ALGOUSDT,BLZUSDT,0.03,-3.52,-3.37,2.76,25
215,EGLDUSDT,1000XECUSDT,0.03,-3.57,-3.37,1227.1,25
86,AKROUSDT,GTCUSDT,0.02,-3.68,-3.37,0.0,25
113,ALGOUSDT,GLMRUSDT,0.01,-4.07,-3.37,0.56,25
229,EOSUSDT,APEUSDT,0.0,-4.71,-3.37,0.19,25
346,IMXUSDT,OGNUSDT,0.0,-4.11,-3.37,6.99,25
293,EOSUSDT,KLAYUSDT,0.0,-5.28,-3.37,5.24,25
15,1000BTTUSDT,DOGEUSDT,0.01,-3.85,-3.37,0.01,25
12,1000BTTUSDT,CELUSDT,0.04,-3.41,-3.37,0.0,25
177,BNBUSDT,YFIUSDT,0.04,-3.41,-3.37,0.04,25
345,IMXUSDT,MKRUSDT,0.02,-3.65,-3.37,0.0,25
673,SXPUSDT,REEFUSDT,0.01,-3.92,-3.37,89.73,25
625,QTUMUSDT,CHZUSDT,0.02,-3.65,-3.37,19.32,25
340,GMXUSDT,CREAMUSDT,0.01,-4.0,-3.37,5.29,24
35,1000LUNCUSDT,CELRUSDT,0.01,-3.98,-3.37,9.71,24
359,LRCUSDT,1000LUNCUSDT,0.01,-3.9,-3.37,2.11,24
149,ARUSDT,HNTUSDT,0.02,-3.72,-3.37,4.09,24
428,MINAUSDT,ARUSDT,0.02,-3.69,-3.37,0.07,24
435,MINAUSDT,BANDUSDT,0.04,-3.47,-3.37,0.38,24
201,CKBUSDT,DASHUSDT,0.04,-3.4,-3.37,0.0,24
606,QNTUSDT,MANAUSDT,0.0,-4.88,-3.37,184.53,24
466,MINAUSDT,EGLDUSDT,0.02,-3.6,-3.37,0.02,24
451,MINAUSDT,COMPUSDT,0.03,-3.51,-3.37,0.02,24
109,ALGOUSDT,BOBAUSDT,0.03,-3.49,-3.37,1.03,24
674,SXPUSDT,XNOUSDT,0.03,-3.56,-3.37,0.36,24
211,DOTUSDT,1000BTTUSDT,0.03,-3.59,-3.37,9066.01,24
456,MINAUSDT,CTKUSDT,0.03,-3.49,-3.37,0.99,24
59,1000LUNCUSDT,TWTUSDT,0.01,-3.99,-3.37,0.11,24
93,AKROUSDT,RVNUSDT,0.0,-5.26,-3.37,0.12,24
105,AKROUSDT,ZILUSDT,0.0,-4.74,-3.37,0.13,24
200,CKBUSDT,CTKUSDT,0.02,-3.66,-3.37,0.0,24
644,QTUMUSDT,STMXUSDT,0.0,-4.19,-3.37,448.94,24
706,ZRXUSDT,CROUSDT,0.02,-3.68,-3.37,3.08,24
489,PEOPLEUSDT,BANDUSDT,0.04,-3.39,-3.37,0.01,23
341,HBARUSDT,SKLUSDT,0.01,-4.06,-3.37,1.79,23
236,EOSUSDT,BALUSDT,0.0,-4.7,-3.37,0.16,23
339,GMXUSDT,CEEKUSDT,0.02,-3.68,-3.37,532.39,23
225,EOSUSDT,AKROUSDT,0.04,-3.39,-3.37,291.3,23
292,EOSUSDT,KDAUSDT,0.0,-4.57,-3.37,0.9,23
484,ONTUSDT,10000NFTUSDT,0.02,-3.61,-3.37,46.13,23
329,FLMUSDT,GTCUSDT,0.0,-4.32,-3.37,0.05,23
354,LDOUSDT,ROSEUSDT,0.04,-3.42,-3.37,39.53,23
219,EOSUSDT,1000XECUSDT,0.0,-4.87,-3.37,29.38,23
288,EOSUSDT,INJUSDT,0.0,-5.22,-3.37,0.29,23
193,CKBUSDT,ARUSDT,0.01,-3.78,-3.37,0.0,23
243,EOSUSDT,BNBUSDT,0.0,-4.37,-3.37,0.0,23
342,HOTUSDT,1000BTTUSDT,0.03,-3.49,-3.37,2.94,23
118,ALPHAUSDT,CTCUSDT,0.02,-3.59,-3.37,0.21,23
655,REQUSDT,API3USDT,0.02,-3.71,-3.37,0.06,23
52,1000LUNCUSDT,LUNA2USDT,0.03,-3.53,-3.37,0.09,23
688,ZECUSDT,FILUSDT,0.04,-3.42,-3.37,8.43,23
61,1000LUNCUSDT,WAVESUSDT,0.03,-3.51,-3.37,0.07,23
119,ALPHAUSDT,CTKUSDT,0.05,-3.38,-3.37,0.16,23
496,QNTUSDT,AAVEUSDT,0.0,-4.97,-3.37,1.6,22
202,CKBUSDT,DGBUSDT,0.02,-3.65,-3.37,0.35,22
135,ANTUSDT,GALUSDT,0.03,-3.56,-3.37,1.25,22
133,ANTUSDT,CELRUSDT,0.04,-3.44,-3.37,158.73,22
217,EOSUSDT,1000BTTUSDT,0.01,-3.99,-3.37,1469.01,22
658,SANDUSDT,ALGOUSDT,0.01,-4.0,-3.37,2.88,22
56,1000LUNCUSDT,SOLUSDT,0.01,-4.11,-3.37,0.01,22
454,MINAUSDT,CRVUSDT,0.02,-3.7,-3.37,0.77,22
414,MINAUSDT,10000NFTUSDT,0.04,-3.47,-3.37,167.55,22
558,QNTUSDT,EGLDUSDT,0.0,-4.68,-3.37,3.06,22
694,ZRXUSDT,1000BTTUSDT,0.04,-3.47,-3.37,337.4,22
84,AKROUSDT,ENJUSDT,0.03,-3.5,-3.37,0.01,22
541,QNTUSDT,CREAMUSDT,0.0,-4.83,-3.37,10.85,22
90,AKROUSDT,KNCUSDT,0.04,-3.42,-3.37,0.0,22
94,AKROUSDT,SLPUSDT,0.01,-4.04,-3.37,1.17,22
530,QNTUSDT,BTCUSDT,0.0,-4.89,-3.37,0.01,22
101,AKROUSDT,XEMUSDT,0.01,-3.99,-3.37,0.09,22
104,AKROUSDT,ZENUSDT,0.03,-3.51,-3.37,0.0,22
199,CKBUSDT,CTCUSDT,0.01,-3.87,-3.37,0.01,22
510,QNTUSDT,ARUSDT,0.0,-4.69,-3.37,11.79,22
168,BATUSDT,TRBUSDT,0.03,-3.57,-3.37,0.02,22
402,MAGICUSDT,DYDXUSDT,0.0,-8.39,-3.37,0.73,22
351,KAVAUSDT,APEUSDT,0.01,-4.03,-3.37,0.17,22
595,QNTUSDT,KSMUSDT,0.0,-4.79,-3.37,3.82,22
181,BOBAUSDT,1INCHUSDT,0.02,-3.76,-3.37,0.46,22
697,ZRXUSDT,APEUSDT,0.04,-3.44,-3.37,0.04,21
78,AKROUSDT,COMPUSDT,0.02,-3.72,-3.37,0.0,21
722,ZRXUSDT,ONEUSDT,0.0,-4.58,-3.37,9.45,21
18,1000BTTUSDT,FLOWUSDT,0.04,-3.41,-3.37,0.0,21
226,EOSUSDT,ALPHAUSDT,0.0,-4.36,-3.37,8.15,21
182,BTCUSDT,1000BTTUSDT,0.03,-3.59,-3.37,31107669.64,21
232,EOSUSDT,ATOMUSDT,0.0,-4.45,-3.37,0.07,21
720,ZRXUSDT,KDAUSDT,0.05,-3.38,-3.37,0.21,21
488,PEOPLEUSDT,APTUSDT,0.04,-3.38,-3.37,0.0,21
110,ALGOUSDT,C98USDT,0.02,-3.62,-3.37,0.99,21
350,JSTUSDT,1INCHUSDT,0.02,-3.74,-3.37,0.05,21
490,QNTUSDT,10000NFTUSDT,0.0,-4.61,-3.37,28314.29,21
671,SXPUSDT,GTCUSDT,0.02,-3.64,-3.37,0.15,21
725,ZRXUSDT,SXPUSDT,0.03,-3.58,-3.37,0.81,21
156,ARUSDT,XNOUSDT,0.01,-3.97,-3.37,13.63,21
208,CKBUSDT,UNFIUSDT,0.0,-4.24,-3.37,0.0,21
285,EOSUSDT,HOTUSDT,0.0,-4.85,-3.37,499.6,21
291,EOSUSDT,KAVAUSDT,0.02,-3.7,-3.37,1.09,21
36,1000LUNCUSDT,COTIUSDT,0.01,-3.91,-3.37,1.84,21
391,MAGICUSDT,COMPUSDT,0.0,-11.12,-3.37,0.04,21
152,ARUSDT,LTCUSDT,0.0,-4.95,-3.37,0.12,21
30,1000LUNCUSDT,AVAXUSDT,0.01,-3.77,-3.37,0.01,21
586,QNTUSDT,IOSTUSDT,0.0,-4.61,-3.37,12877.99,21
520,QNTUSDT,BCHUSDT,0.0,-4.96,-3.37,1.04,21
376,MAGICUSDT,BALUSDT,0.0,-10.44,-3.37,0.32,21
387,MAGICUSDT,CEEKUSDT,0.0,-10.42,-3.37,17.18,20
44,1000LUNCUSDT,ETHWUSDT,0.0,-4.57,-3.37,0.04,20
5,1000BONKUSDT,BAKEUSDT,0.04,-3.44,-3.37,0.0,20
7,1000BONKUSDT,SHIB1000USDT,0.0,-4.49,-3.37,0.07,20
302,EOSUSDT,MINAUSDT,0.03,-3.56,-3.37,1.32,20
398,MAGICUSDT,DARUSDT,0.0,-9.22,-3.37,8.69,20
39,1000LUNCUSDT,DOGEUSDT,0.01,-4.06,-3.37,2.01,20
433,MINAUSDT,AXSUSDT,0.04,-3.4,-3.37,0.07,20
353,LDOUSDT,ANKRUSDT,0.03,-3.54,-3.37,79.93,20
438,MINAUSDT,BELUSDT,0.03,-3.5,-3.37,1.35,20
352,KNCUSDT,10000NFTUSDT,0.02,-3.74,-3.37,176.62,20
334,FLMUSDT,RNDRUSDT,0.02,-3.7,-3.37,0.06,20
444,MINAUSDT,BSWUSDT,0.03,-3.56,-3.37,3.78,20
80,AKROUSDT,CTCUSDT,0.02,-3.66,-3.37,0.01,20
439,MINAUSDT,BITUSDT,0.04,-3.46,-3.37,1.42,20
443,MINAUSDT,BOBAUSDT,0.03,-3.48,-3.37,3.17,20
411,MATICUSDT,MKRUSDT,0.04,-3.44,-3.37,0.0,20
731,ZRXUSDT,ZILUSDT,0.04,-3.47,-3.37,8.52,20
535,QNTUSDT,CELUSDT,0.0,-4.83,-3.37,230.86,20
189,CELOUSDT,TRBUSDT,0.01,-3.86,-3.37,0.04,20
591,QNTUSDT,KAVAUSDT,0.0,-5.01,-3.37,140.09,20
575,QNTUSDT,GMXUSDT,0.0,-4.71,-3.37,2.05,20
239,EOSUSDT,BELUSDT,0.04,-3.46,-3.37,1.78,20
572,QNTUSDT,GALUSDT,0.0,-4.8,-3.37,58.05,20
651,QTUMUSDT,XEMUSDT,0.04,-3.39,-3.37,70.05,20
220,EOSUSDT,1INCHUSDT,0.0,-4.44,-3.37,1.93,20
540,QNTUSDT,COTIUSDT,0.0,-4.78,-3.37,1398.02,20
609,QNTUSDT,MINAUSDT,0.0,-4.65,-3.37,168.81,20
204,CKBUSDT,FLOWUSDT,0.03,-3.51,-3.37,0.0,20
167,BATUSDT,STMXUSDT,0.04,-3.45,-3.37,44.78,20
566,QNTUSDT,FITFIUSDT,0.0,-4.75,-3.37,4993.77,20
137,ANTUSDT,LRCUSDT,0.0,-4.79,-3.37,7.71,20
155,ARUSDT,WAVESUSDT,0.04,-3.42,-3.37,4.37,20
153,ARUSDT,RUNEUSDT,0.02,-3.66,-3.37,6.4,19
374,MAGICUSDT,AXSUSDT,0.0,-10.44,-3.37,0.2,19
700,ZRXUSDT,BALUSDT,0.03,-3.53,-3.37,0.04,19
170,BICOUSDT,1000BTTUSDT,0.03,-3.59,-3.37,532.38,19
127,ALPHAUSDT,RUNEUSDT,0.05,-3.37,-3.37,0.07,19
390,MAGICUSDT,CKBUSDT,0.0,-8.66,-3.37,581.33,19
114,ALGOUSDT,RSS3USDT,0.04,-3.46,-3.37,1.25,19
627,QTUMUSDT,ENJUSDT,0.01,-3.86,-3.37,5.97,19
247,EOSUSDT,BTCUSDT,0.0,-4.35,-3.37,0.0,19
41,1000LUNCUSDT,DYDXUSDT,0.03,-3.48,-3.37,0.06,19
403,MAGICUSDT,ENJUSDT,0.0,-11.77,-3.37,4.6,19
405,MANAUSDT,ARUSDT,0.02,-3.64,-3.37,0.06,19
38,1000LUNCUSDT,DARUSDT,0.04,-3.38,-3.37,0.73,19
637,QTUMUSDT,OGNUSDT,0.02,-3.75,-3.37,20.92,19
29,1000LUNCUSDT,APTUSDT,0.04,-3.39,-3.37,0.01,19
716,ZRXUSDT,GMXUSDT,0.01,-4.02,-3.37,0.0,19
471,NEARUSDT,GLMRUSDT,0.03,-3.52,-3.37,5.1,19
87,AKROUSDT,INJUSDT,0.0,-4.94,-3.37,0.0,19
349,INJUSDT,1000BTTUSDT,0.04,-3.42,-3.37,5013.61,19
726,ZRXUSDT,TLMUSDT,0.04,-3.47,-3.37,10.93,19
20,1000BTTUSDT,ICPUSDT,0.0,-4.61,-3.37,0.0,19
622,QTUMUSDT,BITUSDT,0.01,-3.81,-3.37,4.89,19
666,SNXUSDT,JSTUSDT,0.01,-4.07,-3.37,93.39,19
180,BOBAUSDT,1000XECUSDT,0.03,-3.5,-3.37,6.99,19
723,ZRXUSDT,REEFUSDT,0.04,-3.47,-3.37,72.58,19
469,NEARUSDT,C98USDT,0.01,-3.81,-3.37,9.11,19
82,AKROUSDT,DASHUSDT,0.02,-3.68,-3.37,0.0,19
547,QNTUSDT,CVCUSDT,0.0,-4.74,-3.37,1177.18,19
556,QNTUSDT,DUSKUSDT,0.0,-4.6,-3.37,822.02,19
680,USDCUSDT,AKROUSDT,0.02,-3.75,-3.37,267.9,19
307,EOSUSDT,PAXGUSDT,0.02,-3.71,-3.37,0.0,18
176,BNBUSDT,OPUSDT,0.0,-4.2,-3.37,113.3,18
602,QNTUSDT,LRCUSDT,0.0,-4.8,-3.37,358.56,18
26,1000LUNCUSDT,AAVEUSDT,0.01,-4.05,-3.37,0.0,18
331,FLMUSDT,OPUSDT,0.03,-3.5,-3.37,0.04,18
632,QTUMUSDT,IOTXUSDT,0.03,-3.59,-3.37,90.86,18
618,QTUMUSDT,ALGOUSDT,0.03,-3.58,-3.37,10.61,18
631,QTUMUSDT,IOSTUSDT,0.01,-4.08,-3.37,263.03,18
594,QNTUSDT,KNCUSDT,0.0,-4.6,-3.37,160.2,18
719,ZRXUSDT,ILVUSDT,0.02,-3.61,-3.37,0.0,18
593,QNTUSDT,KLAYUSDT,0.0,-4.78,-3.37,669.74,18
626,QTUMUSDT,CVCUSDT,0.0,-4.28,-3.37,24.07,18
198,CKBUSDT,CRVUSDT,0.04,-3.46,-3.37,0.0,18
355,LINKUSDT,NEARUSDT,0.0,-4.44,-3.37,2.91,18
517,QNTUSDT,BALUSDT,0.0,-4.76,-3.37,20.04,18
681,WOOUSDT,JASMYUSDT,0.04,-3.42,-3.37,33.73,18
712,ZRXUSDT,ETHUSDT,0.03,-3.56,-3.37,0.0,18
512,QNTUSDT,ATOMUSDT,0.0,-4.8,-3.37,9.53,18
528,QNTUSDT,BSVUSDT,0.0,-4.77,-3.37,3.24,18
506,QNTUSDT,APEUSDT,0.0,-4.91,-3.37,24.23,18
498,QNTUSDT,ADAUSDT,0.0,-4.93,-3.37,354.99,18
532,QNTUSDT,CEEKUSDT,0.0,-4.84,-3.37,1091.05,18
670,STORJUSDT,DODOUSDT,0.03,-3.56,-3.37,2.78,18
256,EOSUSDT,CRVUSDT,0.0,-4.34,-3.37,1.01,18
169,BATUSDT,TRXUSDT,0.04,-3.39,-3.37,4.39,18
494,QNTUSDT,1000XECUSDT,0.0,-4.83,-3.37,3759.26,18
487,PEOPLEUSDT,1000LUNCUSDT,0.03,-3.58,-3.37,0.16,18
542,QNTUSDT,CROUSDT,0.0,-4.76,-3.37,1715.26,18
464,MINAUSDT,DOTUSDT,0.03,-3.54,-3.37,0.12,18
132,ANTUSDT,1000LUNCUSDT,0.0,-4.51,-3.37,16.32,18
582,QNTUSDT,ICXUSDT,0.0,-4.61,-3.37,613.84,18
115,ALGOUSDT,USDCUSDT,0.03,-3.48,-3.37,0.27,18
571,QNTUSDT,GALAUSDT,0.0,-4.86,-3.37,2629.92,18
125,ALPHAUSDT,INJUSDT,0.01,-3.77,-3.37,0.04,18
711,ZRXUSDT,EOSUSDT,0.03,-3.59,-3.37,0.23,18
134,ANTUSDT,ETHWUSDT,0.03,-3.52,-3.37,0.69,18
42,1000LUNCUSDT,ENSUSDT,0.01,-3.82,-3.37,0.01,18
441,MINAUSDT,BNBUSDT,0.04,-3.39,-3.37,0.0,18
365,MAGICUSDT,AAVEUSDT,0.0,-9.71,-3.37,0.03,17
717,ZRXUSDT,HNTUSDT,0.03,-3.51,-3.37,0.09,17
647,QTUMUSDT,THETAUSDT,0.03,-3.5,-3.37,2.55,17
529,QNTUSDT,BSWUSDT,0.0,-4.61,-3.37,639.32,17
396,MAGICUSDT,CTSIUSDT,0.0,-11.84,-3.37,13.4,17
495,QNTUSDT,1INCHUSDT,0.0,-4.6,-3.37,247.02,17
696,ZRXUSDT,ALPHAUSDT,0.04,-3.42,-3.37,1.87,17
389,MAGICUSDT,CHZUSDT,0.0,-11.89,-3.37,14.87,17
538,QNTUSDT,CKBUSDT,0.0,-4.77,-3.37,36941.65,17
708,ZRXUSDT,DOGEUSDT,0.03,-3.52,-3.37,2.74,17
672,SXPUSDT,INJUSDT,0.02,-3.73,-3.37,0.08,17
473,NEOUSDT,1000BTTUSDT,0.02,-3.66,-3.37,12107.76,17
557,QNTUSDT,DYDXUSDT,0.0,-4.83,-3.37,46.0,17
645,QTUMUSDT,STORJUSDT,0.01,-3.98,-3.37,6.74,17
366,MAGICUSDT,AKROUSDT,0.0,-12.04,-3.37,585.72,17
283,EOSUSDT,GTCUSDT,0.01,-4.03,-3.37,0.54,17
286,EOSUSDT,ICPUSDT,0.0,-4.92,-3.37,0.19,17
120,ALPHAUSDT,DGBUSDT,0.02,-3.66,-3.37,12.3,17
47,1000LUNCUSDT,GALAUSDT,0.01,-3.83,-3.37,3.46,17
112,ALGOUSDT,ENJUSDT,0.01,-3.96,-3.37,0.56,17
185,CELOUSDT,HNTUSDT,0.02,-3.63,-3.37,0.27,17
144,ARUSDT,CTCUSDT,0.03,-3.49,-3.37,18.61,17
51,1000LUNCUSDT,KSMUSDT,0.01,-3.82,-3.37,0.01,17
157,ASTRUSDT,BNXUSDT,0.0,-5.1,-3.37,0.0,17
103,AKROUSDT,YGGUSDT,0.0,-4.59,-3.37,0.01,17
210,DGBUSDT,1000BTTUSDT,0.04,-3.47,-3.37,14.65,17
327,FLMUSDT,10000NFTUSDT,0.03,-3.53,-3.37,21.46,17
248,EOSUSDT,C98USDT,0.03,-3.54,-3.37,4.04,17
308,EOSUSDT,PEOPLEUSDT,0.0,-5.05,-3.37,36.28,17
245,EOSUSDT,BSVUSDT,0.03,-3.52,-3.37,0.03,17
284,EOSUSDT,HNTUSDT,0.02,-3.6,-3.37,0.38,17
409,MATICUSDT,LDOUSDT,0.0,-4.13,-3.37,0.52,16
699,ZRXUSDT,ATOMUSDT,0.03,-3.53,-3.37,0.02,16
652,QTUMUSDT,XTZUSDT,0.03,-3.47,-3.37,2.45,16
493,QNTUSDT,1000LUNCUSDT,0.0,-4.81,-3.37,759.29,16
548,QNTUSDT,CVXUSDT,0.0,-4.86,-3.37,21.67,16
262,EOSUSDT,DENTUSDT,0.01,-3.97,-3.37,1093.53,16
124,ALPHAUSDT,ILVUSDT,0.04,-3.38,-3.37,0.0,16
79,AKROUSDT,CROUSDT,0.02,-3.61,-3.37,0.05,16
690,ZECUSDT,ILVUSDT,0.03,-3.55,-3.37,0.51,16
266,EOSUSDT,DOTUSDT,0.02,-3.76,-3.37,0.16,16
486,PAXGUSDT,CELUSDT,0.01,-3.8,-3.37,3096.76,16
552,QNTUSDT,DGBUSDT,0.0,-4.7,-3.37,12818.34,16
573,QNTUSDT,GLMRUSDT,0.0,-4.62,-3.37,289.73,16
555,QNTUSDT,DOTUSDT,0.0,-4.75,-3.37,20.72,16
607,QNTUSDT,MASKUSDT,0.0,-4.95,-3.37,31.01,16
400,MAGICUSDT,DODOUSDT,0.0,-10.89,-3.37,14.43,16
270,EOSUSDT,ETCUSDT,0.0,-4.41,-3.37,0.05,16
687,ZECUSDT,ETHWUSDT,0.01,-4.07,-3.37,10.49,16
432,MINAUSDT,AVAXUSDT,0.03,-3.48,-3.37,0.04,16
460,MINAUSDT,DASHUSDT,0.03,-3.55,-3.37,0.01,16
643,QTUMUSDT,STGUSDT,0.02,-3.66,-3.37,3.67,16
505,QNTUSDT,ANTUSDT,0.0,-4.8,-3.37,46.5,16
603,QNTUSDT,LTCUSDT,0.0,-4.75,-3.37,1.42,16
521,QNTUSDT,BELUSDT,0.0,-4.61,-3.37,227.64,16
447,MINAUSDT,CELRUSDT,0.03,-3.56,-3.37,43.69,16
522,QNTUSDT,BICOUSDT,0.0,-4.71,-3.37,352.74,16
356,LINKUSDT,SCRTUSDT,0.03,-3.58,-3.37,8.92,16
525,QNTUSDT,BNBUSDT,0.0,-4.74,-3.37,0.43,16
33,1000LUNCUSDT,BTCUSDT,0.02,-3.69,-3.37,0.0,16
457,MINAUSDT,CTSIUSDT,0.03,-3.48,-3.37,5.05,16
37,1000LUNCUSDT,CVXUSDT,0.05,-3.37,-3.37,0.03,16
363,MAGICUSDT,1000LUNCUSDT,0.0,-7.9,-3.37,11.9,16
252,EOSUSDT,CKBUSDT,0.01,-3.83,-3.37,288.77,16
321,EOSUSDT,STGUSDT,0.05,-3.37,-3.37,1.4,16
568,QNTUSDT,FLOWUSDT,0.0,-4.92,-3.37,123.5,16
703,ZRXUSDT,BNBUSDT,0.02,-3.73,-3.37,0.0,16
295,EOSUSDT,LOOKSUSDT,0.02,-3.65,-3.37,3.73,16
373,MAGICUSDT,AVAXUSDT,0.0,-8.5,-3.37,0.11,16
377,MAGICUSDT,BANDUSDT,0.0,-10.55,-3.37,1.02,16
499,QNTUSDT,AGLDUSDT,0.0,-4.81,-3.37,321.33,16
50,1000LUNCUSDT,KDAUSDT,0.04,-3.39,-3.37,0.15,16
413,MATICUSDT,USDCUSDT,0.04,-3.44,-3.37,1.24,15
205,CKBUSDT,GALUSDT,0.03,-3.55,-3.37,0.0,15
668,STORJUSDT,BATUSDT,0.03,-3.58,-3.37,1.49,15
280,EOSUSDT,GMTUSDT,0.0,-4.67,-3.37,2.07,15
660,SANDUSDT,BLZUSDT,0.04,-3.46,-3.37,7.95,15
620,QTUMUSDT,API3USDT,0.02,-3.65,-3.37,1.62,15
129,ANKRUSDT,SCUSDT,0.01,-4.02,-3.37,7.32,15
142,ARUSDT,CREAMUSDT,0.02,-3.75,-3.37,0.92,15
143,ARUSDT,CRVUSDT,0.01,-3.82,-3.37,10.99,15
646,QTUMUSDT,SUNUSDT,0.04,-3.42,-3.37,456.6,15
106,ALGOUSDT,ALICEUSDT,0.01,-3.8,-3.37,0.14,15
237,EOSUSDT,BANDUSDT,0.0,-5.56,-3.37,0.5,15
382,MAGICUSDT,BOBAUSDT,0.0,-9.12,-3.37,8.42,15
317,EOSUSDT,SFPUSDT,0.0,-4.61,-3.37,1.95,15
728,ZRXUSDT,WAVESUSDT,0.0,-4.74,-3.37,0.09,15
19,1000BTTUSDT,GALAUSDT,0.05,-3.37,-3.37,0.01,15
21,1000BTTUSDT,KDAUSDT,0.01,-4.04,-3.37,0.0,15
326,FILUSDT,1000BTTUSDT,0.02,-3.6,-3.37,7269.71,15
357,LPTUSDT,SCUSDT,0.03,-3.58,-3.37,2232.43,15
715,ZRXUSDT,GALAUSDT,0.04,-3.4,-3.37,4.72,15
713,ZRXUSDT,FILUSDT,0.04,-3.4,-3.37,0.05,15
48,1000LUNCUSDT,GMTUSDT,0.0,-4.59,-3.37,0.35,15
253,EOSUSDT,COTIUSDT,0.0,-4.75,-3.37,10.93,15
378,MAGICUSDT,BATUSDT,0.0,-10.85,-3.37,7.71,15
379,MAGICUSDT,BCHUSDT,0.0,-9.69,-3.37,0.02,15
53,1000LUNCUSDT,MASKUSDT,0.0,-4.73,-3.37,0.04,15
383,MAGICUSDT,BSVUSDT,0.0,-12.63,-3.37,0.05,15
66,ADAUSDT,1000BTTUSDT,0.04,-3.43,-3.37,529.39,15
691,ZECUSDT,MANAUSDT,0.01,-3.8,-3.37,60.23,15
683,XMRUSDT,1000BTTUSDT,0.05,-3.38,-3.37,226481.29,15
263,EOSUSDT,DGBUSDT,0.0,-5.1,-3.37,100.21,15
561,QNTUSDT,EOSUSDT,0.0,-4.74,-3.37,127.89,15
393,MAGICUSDT,CROUSDT,0.0,-12.54,-3.37,26.97,15
399,MAGICUSDT,DASHUSDT,0.0,-11.69,-3.37,0.04,15
67,AGLDUSDT,FXSUSDT,0.04,-3.45,-3.37,0.04,15
258,EOSUSDT,CVCUSDT,0.03,-3.49,-3.37,9.22,14
581,QNTUSDT,ICPUSDT,0.0,-4.89,-3.37,24.5,14
514,QNTUSDT,AVAXUSDT,0.0,-4.96,-3.37,6.84,14
577,QNTUSDT,GTCUSDT,0.0,-4.62,-3.37,68.88,14
564,QNTUSDT,ETHWUSDT,0.0,-5.01,-3.37,32.14,14
600,QNTUSDT,LOOKSUSDT,0.0,-4.59,-3.37,476.57,14
503,QNTUSDT,ALPHAUSDT,0.0,-4.68,-3.37,1042.14,14
560,QNTUSDT,ENSUSDT,0.0,-4.95,-3.37,8.94,14
527,QNTUSDT,BOBAUSDT,0.0,-4.59,-3.37,536.5,14
588,QNTUSDT,IOTXUSDT,0.0,-4.65,-3.37,4446.48,14
546,QNTUSDT,CTSIUSDT,0.0,-4.58,-3.37,852.3,14
272,EOSUSDT,ETHWUSDT,0.01,-3.96,-3.37,0.25,14
551,QNTUSDT,DENTUSDT,0.0,-4.6,-3.37,139822.73,14
592,QNTUSDT,KDAUSDT,0.0,-4.92,-3.37,115.72,14
565,QNTUSDT,FILUSDT,0.0,-4.9,-3.37,25.84,14
569,QNTUSDT,FTMUSDT,0.0,-4.95,-3.37,245.18,14
648,QTUMUSDT,TRBUSDT,0.03,-3.56,-3.37,0.16,14
449,MINAUSDT,CHZUSDT,0.03,-3.58,-3.37,5.6,14
422,MINAUSDT,ALICEUSDT,0.03,-3.49,-3.37,0.44,14
64,1000LUNCUSDT,XRPUSDT,0.02,-3.6,-3.37,0.46,14
63,1000LUNCUSDT,XMRUSDT,0.02,-3.64,-3.37,0.0,14
401,MAGICUSDT,DOGEUSDT,0.0,-13.03,-3.37,24.05,14
404,MAGICUSDT,ENSUSDT,0.0,-7.65,-3.37,0.14,14
309,EOSUSDT,REEFUSDT,0.03,-3.56,-3.37,315.89,14
60,1000LUNCUSDT,UNIUSDT,0.02,-3.64,-3.37,0.03,14
81,AKROUSDT,CTSIUSDT,0.03,-3.47,-3.37,0.02,14
99,AKROUSDT,TRBUSDT,0.0,-4.27,-3.37,0.0,14
416,MINAUSDT,1000BTTUSDT,0.03,-3.51,-3.37,1111.71,14
319,EOSUSDT,SLPUSDT,0.01,-4.01,-3.37,342.16,14
43,1000LUNCUSDT,ETCUSDT,0.0,-4.68,-3.37,0.01,14
303,EOSUSDT,MTLUSDT,0.04,-3.43,-3.37,0.99,14
392,MAGICUSDT,COTIUSDT,0.0,-9.75,-3.37,22.03,14
445,MINAUSDT,C98USDT,0.04,-3.38,-3.37,3.06,14
3,10000NFTUSDT,TRBUSDT,0.03,-3.5,-3.37,0.0,14
32,1000LUNCUSDT,BCHUSDT,0.0,-4.61,-3.37,0.0,14
31,1000LUNCUSDT,BALUSDT,0.03,-3.53,-3.37,0.03,14
136,ANTUSDT,ILVUSDT,0.02,-3.64,-3.37,0.03,14
328,FLMUSDT,DODOUSDT,0.02,-3.69,-3.37,0.7,14
40,1000LUNCUSDT,DOTUSDT,0.03,-3.55,-3.37,0.03,14
628,QTUMUSDT,GLMRUSDT,0.04,-3.46,-3.37,5.91,14
440,MINAUSDT,BLZUSDT,0.03,-3.5,-3.37,8.48,14
320,EOSUSDT,SOLUSDT,0.0,-4.37,-3.37,0.05,13
9,1000BTTUSDT,APEUSDT,0.01,-4.05,-3.37,0.0,13
549,QNTUSDT,DARUSDT,0.0,-4.85,-3.37,551.98,13
231,EOSUSDT,ARUSDT,0.0,-4.95,-3.37,0.09,13
11,1000BTTUSDT,BANDUSDT,0.0,-4.97,-3.37,0.0,13
259,EOSUSDT,CVXUSDT,0.0,-4.14,-3.37,0.17,13
257,EOSUSDT,CTCUSDT,0.01,-3.81,-3.37,1.72,13
372,MAGICUSDT,AUDIOUSDT,0.0,-10.93,-3.37,7.68,13
707,ZRXUSDT,DGBUSDT,0.02,-3.7,-3.37,23.02,13
314,EOSUSDT,RUNEUSDT,0.0,-4.57,-3.37,0.59,13
233,EOSUSDT,AUDIOUSDT,0.01,-3.89,-3.37,3.82,13
313,EOSUSDT,RSS3USDT,0.02,-3.59,-3.37,5.09,13
395,MAGICUSDT,CTKUSDT,0.0,-12.2,-3.37,2.62,13
267,EOSUSDT,DYDXUSDT,0.0,-4.41,-3.37,0.36,13
184,CELOUSDT,FITFIUSDT,0.04,-3.43,-3.37,28.15,13
640,QTUMUSDT,RSS3USDT,0.03,-3.57,-3.37,13.3,13
246,EOSUSDT,BSWUSDT,0.01,-3.95,-3.37,5.0,13
275,EOSUSDT,FLOWUSDT,0.0,-4.73,-3.37,0.96,13
587,QNTUSDT,IOTAUSDT,0.0,-4.6,-3.37,577.71,13
301,EOSUSDT,MASKUSDT,0.0,-4.57,-3.37,0.24,13
662,SCRTUSDT,CHZUSDT,0.04,-3.45,-3.37,5.45,13
519,QNTUSDT,BATUSDT,0.0,-4.62,-3.37,490.7,13
397,MAGICUSDT,CVCUSDT,0.0,-9.48,-3.37,18.48,13
483,NEOUSDT,ARUSDT,0.04,-3.38,-3.37,0.76,13
665,SFPUSDT,1000BTTUSDT,0.01,-4.05,-3.37,751.07,13
676,TRXUSDT,ALICEUSDT,0.0,-4.9,-3.37,0.03,13
580,QNTUSDT,HOTUSDT,0.0,-4.63,-3.37,63891.76,12
567,QNTUSDT,FLMUSDT,0.0,-4.63,-3.37,1319.37,12
179,BOBAUSDT,1000BTTUSDT,0.04,-3.46,-3.37,349.58,12
138,ANTUSDT,LUNA2USDT,0.01,-4.11,-3.37,1.43,12
62,1000LUNCUSDT,XLMUSDT,0.02,-3.73,-3.37,2.01,12
533,QNTUSDT,CELOUSDT,0.0,-4.65,-3.37,177.37,12
545,QNTUSDT,CTKUSDT,0.0,-4.62,-3.37,166.48,12
534,QNTUSDT,CELRUSDT,0.0,-4.78,-3.37,7382.82,12
98,AKROUSDT,TOMOUSDT,0.03,-3.5,-3.37,0.01,12
583,QNTUSDT,ILVUSDT,0.0,-4.8,-3.37,1.55,12
616,QNTUSDT,OMGUSDT,0.0,-4.74,-3.37,86.54,12
543,QNTUSDT,CRVUSDT,0.0,-5.13,-3.37,129.76,12
544,QNTUSDT,CTCUSDT,0.0,-4.63,-3.37,219.56,12
45,1000LUNCUSDT,FILUSDT,0.05,-3.37,-3.37,0.03,12
0,10000NFTUSDT,DODOUSDT,0.0,-5.53,-3.37,0.03,12
415,MINAUSDT,1000BONKUSDT,0.03,-3.49,-3.37,812.51,12
336,FLMUSDT,TOMOUSDT,0.02,-3.62,-3.37,0.25,12
311,EOSUSDT,RNDRUSDT,0.02,-3.75,-3.37,0.62,12
491,QNTUSDT,1000BONKUSDT,0.0,-4.6,-3.37,137382.98,12
497,QNTUSDT,ACHUSDT,0.0,-4.62,-3.37,8146.57,12
369,MAGICUSDT,APTUSDT,0.0,-7.69,-3.37,0.14,12
306,EOSUSDT,OPUSDT,0.0,-4.4,-3.37,0.38,12
417,MINAUSDT,1000LUNCUSDT,0.02,-3.63,-3.37,4.49,12
467,MINAUSDT,ENJUSDT,0.04,-3.43,-3.37,1.73,12
333,FLMUSDT,RENUSDT,0.02,-3.66,-3.37,1.08,12
394,MAGICUSDT,CTCUSDT,0.0,-11.99,-3.37,3.45,12
461,MINAUSDT,DENTUSDT,0.04,-3.38,-3.37,827.69,12
287,EOSUSDT,ILVUSDT,0.0,-4.38,-3.37,0.01,12
290,EOSUSDT,JSTUSDT,0.02,-3.67,-3.37,38.25,12
281,EOSUSDT,GMXUSDT,0.0,-4.76,-3.37,0.02,12
273,EOSUSDT,FILUSDT,0.0,-4.76,-3.37,0.2,11
477,NEOUSDT,AAVEUSDT,0.01,-3.97,-3.37,0.1,11
689,ZECUSDT,GALUSDT,0.0,-4.33,-3.37,18.96,11
71,AKROUSDT,AUDIOUSDT,0.01,-3.89,-3.37,0.01,11
677,UNFIUSDT,1000BTTUSDT,0.02,-3.61,-3.37,7933.54,11
408,MATICUSDT,CHRUSDT,0.03,-3.48,-3.37,6.73,11
478,NEOUSDT,ADAUSDT,0.01,-3.87,-3.37,22.86,11
139,APTUSDT,1000BTTUSDT,0.01,-3.78,-3.37,21120.26,11
221,EOSUSDT,AAVEUSDT,0.0,-4.32,-3.37,0.01,11
191,CHRUSDT,LITUSDT,0.04,-3.46,-3.37,0.17,11
299,EOSUSDT,MAGICUSDT,0.03,-3.54,-3.37,0.49,11
475,NEOUSDT,1000XECUSDT,0.02,-3.75,-3.37,242.11,11
574,QNTUSDT,GMTUSDT,0.0,-4.93,-3.37,265.46,11
92,AKROUSDT,RSRUSDT,0.0,-4.76,-3.37,0.86,11
578,QNTUSDT,HBARUSDT,0.0,-4.66,-3.37,1932.34,11
388,MAGICUSDT,CELOUSDT,0.0,-11.88,-3.37,2.79,11
300,EOSUSDT,MANAUSDT,0.0,-4.66,-3.37,1.44,11
107,ALGOUSDT,API3USDT,0.04,-3.4,-3.37,0.15,11
269,EOSUSDT,ENSUSDT,0.0,-4.76,-3.37,0.07,11
344,IMXUSDT,FXSUSDT,0.04,-3.41,-3.37,0.08,11
74,AKROUSDT,BLZUSDT,0.02,-3.66,-3.37,0.04,11
619,QTUMUSDT,ALICEUSDT,0.02,-3.74,-3.37,1.51,11
523,QNTUSDT,BITUSDT,0.0,-4.65,-3.37,239.64,11
238,EOSUSDT,BCHUSDT,0.0,-4.15,-3.37,0.01,11
343,IMXUSDT,AGLDUSDT,0.01,-4.01,-3.37,2.21,11
362,MAGICUSDT,1000BTTUSDT,0.0,-12.99,-3.37,2954.92,11
46,1000LUNCUSDT,FTMUSDT,0.0,-4.12,-3.37,0.32,11
250,EOSUSDT,CELRUSDT,0.0,-4.46,-3.37,57.69,11
384,MAGICUSDT,BSWUSDT,0.0,-11.36,-3.37,10.05,11
434,MINAUSDT,BAKEUSDT,0.03,-3.5,-3.37,3.61,10
431,MINAUSDT,AUDIOUSDT,0.02,-3.68,-3.37,2.89,10
524,QNTUSDT,BLZUSDT,0.0,-4.59,-3.37,1431.88,10
131,ANKRUSDT,USDCUSDT,0.01,-3.85,-3.37,0.03,10
474,NEOUSDT,1000LUNCUSDT,0.02,-3.76,-3.37,48.86,10
509,QNTUSDT,ARPAUSDT,0.0,-4.83,-3.37,3426.4,10
589,QNTUSDT,JASMYUSDT,0.0,-4.9,-3.37,20884.1,10
279,EOSUSDT,GLMRUSDT,0.02,-3.74,-3.37,2.27,10
425,MINAUSDT,API3USDT,0.04,-3.39,-3.37,0.47,10
531,QNTUSDT,C98USDT,0.0,-4.66,-3.37,516.78,10
423,MINAUSDT,ANKRUSDT,0.03,-3.57,-3.37,27.67,10
604,QNTUSDT,LUNA2USDT,0.0,-4.88,-3.37,66.59,10
24,1000BTTUSDT,WAVESUSDT,0.02,-3.61,-3.37,0.0,10
347,IMXUSDT,SCUSDT,0.03,-3.55,-3.37,234.19,10
305,EOSUSDT,ONEUSDT,0.0,-4.62,-3.37,41.09,10
554,QNTUSDT,DOGEUSDT,0.0,-4.82,-3.37,1528.91,10
27,1000LUNCUSDT,ADAUSDT,0.02,-3.67,-3.37,0.47,10
410,MATICUSDT,LITUSDT,0.03,-3.59,-3.37,1.17,10
559,QNTUSDT,ENJUSDT,0.0,-4.59,-3.37,292.2,10
324,EOSUSDT,SUSHIUSDT,0.0,-4.3,-3.37,0.74,10
380,MAGICUSDT,BLZUSDT,0.0,-9.4,-3.37,22.58,10
70,AKROUSDT,ARPAUSDT,0.03,-3.58,-3.37,0.09,10
476,NEOUSDT,1INCHUSDT,0.03,-3.48,-3.37,15.92,10
361,MAGICUSDT,1000BONKUSDT,0.0,-10.52,-3.37,2157.06,10
228,EOSUSDT,ANTUSDT,0.0,-4.28,-3.37,0.36,10
91,AKROUSDT,LINAUSDT,0.0,-4.73,-3.37,0.48,10
562,QNTUSDT,ETCUSDT,0.0,-4.92,-3.37,6.11,10
727,ZRXUSDT,UNFIUSDT,0.03,-3.51,-3.37,0.04,9
150,ARUSDT,HOTUSDT,0.03,-3.47,-3.37,5411.88,9
635,QTUMUSDT,MKRUSDT,0.0,-4.16,-3.37,0.0,9
58,1000LUNCUSDT,SWEATUSDT,0.0,-4.62,-3.37,12.02,9
348,IMXUSDT,USDCUSDT,0.04,-3.41,-3.37,0.95,9
294,EOSUSDT,KSMUSDT,0.0,-4.52,-3.37,0.03,9
140,ARUSDT,ATOMUSDT,0.04,-3.39,-3.37,0.81,9
160,ASTRUSDT,NEOUSDT,0.01,-3.85,-3.37,0.01,9
69,AKROUSDT,ALICEUSDT,0.01,-3.87,-3.37,0.0,9
325,EOSUSDT,SWEATUSDT,0.01,-4.07,-3.37,71.31,9
381,MAGICUSDT,BNBUSDT,0.0,-12.62,-3.37,0.01,9
615,QNTUSDT,OGNUSDT,0.0,-4.63,-3.37,1024.45,9
337,GALUSDT,AAVEUSDT,0.04,-3.45,-3.37,0.03,9
375,MAGICUSDT,BAKEUSDT,0.0,-9.2,-3.37,9.58,9
426,MINAUSDT,APTUSDT,0.02,-3.6,-3.37,0.05,9
370,MAGICUSDT,ARPAUSDT,0.0,-10.89,-3.37,53.87,9
13,1000BTTUSDT,COTIUSDT,0.01,-3.77,-3.37,0.01,9
367,MAGICUSDT,ALGOUSDT,0.0,-11.53,-3.37,8.17,9
111,ALGOUSDT,CHZUSDT,0.02,-3.75,-3.37,1.82,9
385,MAGICUSDT,BTCUSDT,0.0,-9.01,-3.37,0.0,9
28,1000LUNCUSDT,APEUSDT,0.04,-3.47,-3.37,0.03,9
650,QTUMUSDT,WOOUSDT,0.0,-4.24,-3.37,12.72,9
158,ASTRUSDT,BSVUSDT,0.02,-3.7,-3.37,0.0,9
261,EOSUSDT,DASHUSDT,0.02,-3.75,-3.37,0.02,9
482,NEOUSDT,APTUSDT,0.01,-3.81,-3.37,0.57,9
601,QNTUSDT,LPTUSDT,0.0,-4.88,-3.37,15.29,9
230,EOSUSDT,APTUSDT,0.0,-4.49,-3.37,0.07,9
276,EOSUSDT,FTMUSDT,0.0,-4.58,-3.37,1.91,9
584,QNTUSDT,IMXUSDT,0.0,-4.66,-3.37,146.07,9
241,EOSUSDT,BITUSDT,0.03,-3.56,-3.37,1.87,9
500,QNTUSDT,AKROUSDT,0.0,-4.58,-3.37,37248.49,9
213,DYDXUSDT,1000BTTUSDT,0.02,-3.66,-3.37,4073.25,9
304,EOSUSDT,OCEANUSDT,0.04,-3.45,-3.37,2.41,8
553,QNTUSDT,DODOUSDT,0.0,-4.62,-3.37,917.94,8
436,MINAUSDT,BATUSDT,0.04,-3.43,-3.37,2.9,8
222,EOSUSDT,ACHUSDT,0.03,-3.52,-3.37,63.8,8
550,QNTUSDT,DASHUSDT,0.0,-4.59,-3.37,2.24,8
485,ONTUSDT,ACHUSDT,0.03,-3.51,-3.37,13.31,8
597,QNTUSDT,LINAUSDT,0.0,-4.6,-3.37,17713.05,8
386,MAGICUSDT,C98USDT,0.0,-10.91,-3.37,8.13,8
458,MINAUSDT,CVCUSDT,0.03,-3.54,-3.37,6.97,8
224,EOSUSDT,AGLDUSDT,0.04,-3.45,-3.37,2.52,8
654,RENUSDT,CREAMUSDT,0.01,-3.88,-3.37,0.01,8
315,EOSUSDT,SANDUSDT,0.02,-3.7,-3.37,1.41,8
77,AKROUSDT,CHZUSDT,0.01,-4.1,-3.37,0.03,8
296,EOSUSDT,LRCUSDT,0.01,-3.99,-3.37,2.8,8
463,MINAUSDT,DODOUSDT,0.04,-3.45,-3.37,5.43,8
585,QNTUSDT,INJUSDT,0.0,-4.62,-3.37,37.34,8
427,MINAUSDT,ARPAUSDT,0.03,-3.5,-3.37,20.32,8
518,QNTUSDT,BANDUSDT,0.0,-4.85,-3.37,64.51,8
515,QNTUSDT,AXSUSDT,0.0,-4.75,-3.37,12.42,8
724,ZRXUSDT,RENUSDT,0.01,-3.99,-3.37,2.55,8
507,QNTUSDT,API3USDT,0.0,-4.59,-3.37,79.42,8
537,QNTUSDT,CHZUSDT,0.0,-4.62,-3.37,945.8,8
539,QNTUSDT,COMPUSDT,0.0,-4.59,-3.37,2.59,8
617,QTUMUSDT,AGLDUSDT,0.04,-3.42,-3.37,6.59,8
636,QTUMUSDT,OCEANUSDT,0.02,-3.71,-3.37,6.31,8
611,QNTUSDT,MTLUSDT,0.0,-4.67,-3.37,126.81,8
364,MAGICUSDT,1INCHUSDT,0.0,-10.87,-3.37,3.88,7
470,NEARUSDT,ENJUSDT,0.04,-3.41,-3.37,5.15,7
360,MAGICUSDT,10000NFTUSDT,0.0,-10.33,-3.37,445.06,7
234,EOSUSDT,AVAXUSDT,0.0,-4.56,-3.37,0.05,7
368,MAGICUSDT,ANKRUSDT,0.0,-11.49,-3.37,73.39,7
429,MINAUSDT,ASTRUSDT,0.03,-3.56,-3.37,12.88,7
504,QNTUSDT,ANKRUSDT,0.0,-5.05,-3.37,4670.85,7
630,QTUMUSDT,IMXUSDT,0.04,-3.46,-3.37,2.99,7
146,ARUSDT,EGLDUSDT,0.03,-3.52,-3.37,0.26,7
171,BLZUSDT,AGLDUSDT,0.0,-4.18,-3.37,0.23,7
298,EOSUSDT,LUNA2USDT,0.03,-3.49,-3.37,0.52,7
576,QNTUSDT,GRTUSDT,0.0,-5.02,-3.37,942.03,7
698,ZRXUSDT,ARUSDT,0.04,-3.47,-3.37,0.02,7
371,MAGICUSDT,ASTRUSDT,0.0,-14.18,-3.37,34.14,7
338,GMTUSDT,1000BTTUSDT,0.02,-3.71,-3.37,705.93,7
605,QNTUSDT,MAGICUSDT,0.0,-4.69,-3.37,62.24,7
481,NEOUSDT,APEUSDT,0.02,-3.64,-3.37,1.56,7
513,QNTUSDT,AUDIOUSDT,0.0,-4.6,-3.37,488.09,6
318,EOSUSDT,SHIB1000USDT,0.01,-3.8,-3.37,79.39,6
68,AGLDUSDT,OGNUSDT,0.01,-4.03,-3.37,3.13,6
235,EOSUSDT,BAKEUSDT,0.02,-3.61,-3.37,4.78,6
65,1000LUNCUSDT,YFIUSDT,0.04,-3.44,-3.37,0.0,6
693,ZECUSDT,SUSHIUSDT,0.04,-3.42,-3.37,31.01,6
502,QNTUSDT,ALICEUSDT,0.0,-4.59,-3.37,73.95,6
218,EOSUSDT,1000LUNCUSDT,0.04,-3.38,-3.37,5.93,6
570,QNTUSDT,FXSUSDT,0.0,-4.91,-3.37,11.98,6
612,QNTUSDT,NEARUSDT,0.0,-4.9,-3.37,56.8,6
88,AKROUSDT,IOTXUSDT,0.03,-3.57,-3.37,0.12,6
175,BNBUSDT,ILVUSDT,0.01,-3.93,-3.37,3.63,6
633,QTUMUSDT,JASMYUSDT,0.02,-3.76,-3.37,428.55,6
289,EOSUSDT,JASMYUSDT,0.04,-3.45,-3.37,163.84,6
516,QNTUSDT,BAKEUSDT,0.0,-4.61,-3.37,610.27,6
621,QTUMUSDT,ARPAUSDT,0.02,-3.75,-3.37,70.12,6
623,QTUMUSDT,BLZUSDT,0.02,-3.68,-3.37,29.25,5
260,EOSUSDT,DARUSDT,0.0,-4.37,-3.37,4.31,5
501,QNTUSDT,ALGOUSDT,0.0,-4.58,-3.37,519.83,5
159,ASTRUSDT,CELRUSDT,0.04,-3.39,-3.37,3.3,5
322,EOSUSDT,STORJUSDT,0.02,-3.69,-3.37,2.58,5
278,EOSUSDT,GALUSDT,0.0,-4.95,-3.37,0.45,5
536,QNTUSDT,CHRUSDT,0.0,-4.59,-3.37,750.52,5
508,QNTUSDT,APTUSDT,0.0,-4.96,-3.37,8.87,5
240,EOSUSDT,BICOUSDT,0.0,-4.71,-3.37,2.76,5
163,AXSUSDT,ATOMUSDT,0.04,-3.44,-3.37,0.77,5
610,QNTUSDT,MKRUSDT,0.0,-4.82,-3.37,0.19,5
162,AVAXUSDT,1000BTTUSDT,0.01,-4.08,-3.37,27471.55,5
614,QNTUSDT,OCEANUSDT,0.0,-4.99,-3.37,307.45,5
297,EOSUSDT,LTCUSDT,0.04,-3.46,-3.37,0.01,5
613,QNTUSDT,NEOUSDT,0.0,-4.91,-3.37,15.49,5
227,EOSUSDT,ANKRUSDT,0.03,-3.49,-3.37,36.58,5
480,NEOUSDT,ANTUSDT,0.04,-3.44,-3.37,2.99,5
277,EOSUSDT,GALAUSDT,0.0,-4.58,-3.37,20.54,5
310,EOSUSDT,RENUSDT,0.0,-4.23,-3.37,11.09,4
212,DUSKUSDT,OMGUSDT,0.02,-3.65,-3.37,0.1,4
419,MINAUSDT,ACHUSDT,0.03,-3.54,-3.37,48.22,4
634,QTUMUSDT,LPTUSDT,0.01,-3.95,-3.37,0.31,4
412,MATICUSDT,ROSEUSDT,0.01,-4.0,-3.37,20.7,4
479,NEOUSDT,ANKRUSDT,0.01,-3.88,-3.37,302.05,4
264,EOSUSDT,DODOUSDT,0.02,-3.61,-3.37,7.18,4
216,EOSUSDT,1000BONKUSDT,0.01,-3.77,-3.37,1074.93,4
526,QNTUSDT,BNXUSDT,0.0,-4.73,-3.37,1.35,3
511,QNTUSDT,ASTRUSDT,0.0,-4.98,-3.37,2171.29,3
242,EOSUSDT,BLZUSDT,0.01,-3.86,-3.37,11.2,3
448,MINAUSDT,CHRUSDT,0.04,-3.46,-3.37,4.45,3
608,QNTUSDT,MATICUSDT,0.0,-4.62,-3.37,111.67,3
596,QNTUSDT,LDOUSDT,0.0,-4.97,-3.37,58.22,3
639,QTUMUSDT,ROSEUSDT,0.04,-3.45,-3.37,47.17,3
265,EOSUSDT,DOGEUSDT,0.0,-4.5,-3.37,11.95,3
642,QTUMUSDT,SCUSDT,0.01,-3.95,-3.37,698.02,3
598,QNTUSDT,LINKUSDT,0.0,-4.68,-3.37,19.47,3
442,MINAUSDT,BNXUSDT,0.03,-3.52,-3.37,0.01,3
599,QNTUSDT,LITUSDT,0.0,-4.63,-3.37,130.21,3
128,ANKRUSDT,GRTUSDT,0.02,-3.59,-3.37,0.2,3
4,1000BONKUSDT,1INCHUSDT,0.04,-3.38,-3.37,0.0,2
472,NEOUSDT,1000BONKUSDT,0.03,-3.48,-3.37,8847.36,2
679,USDCUSDT,AGLDUSDT,0.04,-3.4,-3.37,2.32,2
420,MINAUSDT,AGLDUSDT,0.03,-3.59,-3.37,1.91,2
675,TRXUSDT,AGLDUSDT,0.04,-3.4,-3.37,0.15,2
653,RENUSDT,BNBUSDT,0.04,-3.4,-3.37,0.0,2
130,ANKRUSDT,SWEATUSDT,0.04,-3.46,-3.37,1.93,1
312,EOSUSDT,ROSEUSDT,0.04,-3.38,-3.37,18.05,1
244,EOSUSDT,BNXUSDT,0.01,-3.79,-3.37,0.01,1
629,QTUMUSDT,GRTUSDT,0.04,-3.39,-3.37,19.47,1
407,MATICUSDT,BNXUSDT,0.01,-3.78,-3.37,0.01,1
282,EOSUSDT,GRTUSDT,0.03,-3.48,-3.37,7.42,1
316,EOSUSDT,SCUSDT,0.04,-3.4,-3.37,266.8,1
